ResNum,AA,ACC,RSA
1,M,208,1.025
2,S,104,0.727
3,L,150,0.785
4,L,131,0.686
5,F,154,0.675
6,S,77,0.538
7,R,187,0.706
8,C,78,0.527
9,N,108,0.578
10,S,56,0.392
11,I,95,0.487
12,V,76,0.461
13,T,78,0.479
14,V,84,0.509
15,K,147,0.639
16,K,146,0.635
17,N,105,0.561
18,K,151,0.657
19,R,185,0.698
20,H,116,0.537
21,M,144,0.709
22,A,59,0.488
23,E,126,0.589
24,V,89,0.539
25,N,151,0.807
26,A,35,0.289
27,S,33,0.231
28,P,35,0.227
29,L,0,0.0
30,K,84,0.365
31,H,60,0.278
32,F,0,0.0
33,V,40,0.242
34,T,66,0.405
35,A,0,0.0
36,K,26,0.113
37,K,167,0.726
38,K,74,0.322
39,I,0,0.0
40,N,36,0.193
41,G,25,0.258
42,I,3,0.015
43,F,0,0.0
44,E,146,0.682
45,Q,87,0.407
46,L,1,0.005
47,G,13,0.134
48,A,63,0.521
49,Y,8,0.031
50,I,0,0.0
51,Q,73,0.341
52,E,83,0.388
53,S,0,0.0
54,A,3,0.025
55,T,61,0.374
56,F,19,0.083
57,L,0,0.0
58,E,47,0.22
59,D,98,0.524
60,T,11,0.067
61,Y,107,0.42
62,R,166,0.626
63,N,49,0.262
64,A,102,0.843
65,E,96,0.449
66,L,17,0.089
67,D,89,0.476
68,P,121,0.786
69,V,11,0.067
70,T,6,0.037
71,T,67,0.411
72,E,113,0.528
73,E,137,0.64
74,Q,34,0.159
75,V,9,0.055
76,L,102,0.534
77,D,69,0.369
78,V,0,0.0
79,K,79,0.343
80,G,29,0.299
81,Y,42,0.165
82,L,15,0.079
83,S,84,0.587
84,K,99,0.43
85,V,0,0.0
86,R,136,0.513
87,G,35,0.361
88,I,23,0.118
89,S,30,0.21
90,E,122,0.57
91,V,63,0.382
92,L,0,0.0
93,A,56,0.463
94,R,185,0.698
95,R,77,0.291
96,H,32,0.148
97,M,0,0.0
98,K,9,0.039
99,V,0,0.0
100,A,0,0.0
101,F,0,0.0
102,F,0,0.0
103,G,0,0.0
104,R,85,0.321
105,T,53,0.325
106,S,87,0.608
107,N,9,0.048
108,G,12,0.124
109,K,13,0.057
110,S,13,0.091
111,T,27,0.166
112,V,0,0.0
113,I,0,0.0
114,N,0,0.0
115,A,0,0.0
116,M,2,0.01
117,L,1,0.005
118,W,102,0.386
119,D,57,0.305
120,K,101,0.439
121,V,0,0.0
122,L,0,0.0
123,P,11,0.071
124,S,35,0.245
125,G,50,0.515
126,I,177,0.908
127,G,70,0.722
128,H,82,0.38
129,T,88,0.54
130,T,25,0.153
131,N,66,0.353
132,C,0,0.0
133,F,0,0.0
134,L,1,0.005
135,R,38,0.143
136,V,0,0.0
137,E,48,0.224
138,G,17,0.175
139,T,24,0.147
140,D,145,0.775
141,G,31,0.32
142,H,166,0.769
143,E,111,0.519
144,A,9,0.074
145,F,31,0.136
146,L,6,0.031
147,L,44,0.23
148,T,26,0.16
149,E,104,0.486
150,G,92,0.948
151,S,44,0.308
152,E,187,0.874
153,E,117,0.547
154,K,143,0.622
155,R,86,0.325
156,S,66,0.462
157,A,0,0.0
158,K,125,0.543
159,T,71,0.436
160,V,33,0.2
161,N,120,0.642
162,Q,89,0.416
163,L,1,0.005
164,A,8,0.066
165,H,113,0.523
166,A,17,0.14
167,L,19,0.099
168,H,131,0.606
169,Q,131,0.612
170,D,29,0.155
171,K,201,0.874
172,Q,164,0.766
173,L,23,0.12
174,H,117,0.542
175,A,21,0.174
176,G,19,0.196
177,S,15,0.105
178,L,25,0.131
179,V,2,0.012
180,S,16,0.112
181,V,0,0.0
182,M,21,0.103
183,W,11,0.042
184,P,0,0.0
185,N,25,0.134
186,S,97,0.678
187,K,114,0.496
188,C,2,0.014
189,P,93,0.604
190,L,13,0.068
191,L,5,0.026
192,K,141,0.613
193,D,10,0.053
194,D,49,0.262
195,L,2,0.01
196,V,2,0.012
197,L,0,0.0
198,M,1,0.005
199,D,0,0.0
200,S,0,0.0
201,P,0,0.0
202,G,2,0.021
203,I,6,0.031
204,D,70,0.374
205,V,83,0.503
206,T,30,0.184
207,T,138,0.847
208,E,129,0.603
209,L,16,0.084
210,D,54,0.289
211,S,48,0.336
212,W,2,0.008
213,I,0,0.0
214,D,84,0.449
215,K,103,0.448
216,F,6,0.026
217,C,0,0.0
218,L,92,0.482
219,D,62,0.332
220,A,12,0.099
221,D,9,0.048
222,V,0,0.0
223,F,1,0.004
224,V,0,0.0
225,L,0,0.0
226,V,0,0.0
227,A,2,0.017
228,N,29,0.155
229,S,4,0.028
230,E,106,0.495
231,S,43,0.301
232,T,56,0.344
233,L,17,0.089
234,M,54,0.266
235,Q,143,0.668
236,T,63,0.387
237,E,2,0.009
238,K,23,0.1
239,H,103,0.477
240,F,0,0.0
241,F,0,0.0
242,H,60,0.278
243,K,49,0.213
244,V,0,0.0
245,S,33,0.231
246,E,146,0.682
247,R,94,0.355
248,L,34,0.178
249,S,120,0.839
250,R,199,0.751
251,P,9,0.058
252,N,28,0.15
253,I,0,0.0
254,F,1,0.004
255,I,0,0.0
256,L,0,0.0
257,N,3,0.016
258,N,6,0.032
259,R,97,0.366
260,W,13,0.049
261,D,37,0.198
262,A,32,0.264
263,S,16,0.112
264,A,29,0.24
265,S,97,0.678
266,E,120,0.561
267,P,86,0.558
268,E,164,0.766
269,Y,138,0.541
270,M,67,0.33
271,E,163,0.762
272,E,77,0.36
273,V,48,0.291
274,R,94,0.355
275,R,134,0.506
276,Q,76,0.355
277,H,12,0.056
278,M,51,0.251
279,E,101,0.472
280,R,111,0.419
281,C,1,0.007
282,T,13,0.08
283,S,40,0.28
284,F,0,0.0
285,L,0,0.0
286,V,26,0.158
287,D,95,0.508
288,E,79,0.369
289,L,18,0.094
290,G,50,0.515
291,V,17,0.103
292,V,9,0.055
293,D,105,0.561
294,R,145,0.547
295,S,104,0.727
296,Q,84,0.393
297,A,2,0.017
298,G,46,0.474
299,D,61,0.326
300,R,31,0.117
301,I,1,0.005
302,F,10,0.044
303,F,0,0.0
304,V,0,0.0
305,S,1,0.007
306,A,0,0.0
307,K,121,0.526
308,E,2,0.009
309,V,1,0.006
310,L,5,0.026
311,N,49,0.262
312,A,0,0.0
313,R,5,0.019
314,I,34,0.174
315,Q,52,0.243
316,K,94,0.409
317,A,75,0.62
318,Q,141,0.659
319,G,71,0.732
320,M,111,0.547
321,P,97,0.63
322,E,50,0.234
323,G,48,0.495
324,G,49,0.505
325,G,1,0.01
326,A,45,0.372
327,L,79,0.414
328,A,32,0.264
329,E,176,0.822
330,G,39,0.402
331,F,24,0.105
332,Q,164,0.766
333,V,94,0.57
334,R,9,0.034
335,M,10,0.049
336,F,122,0.535
337,E,20,0.093
338,F,0,0.0
339,Q,79,0.369
340,N,63,0.337
341,F,0,0.0
342,E,18,0.084
343,R,138,0.521
344,R,99,0.374
345,F,0,0.0
346,E,28,0.131
347,E,54,0.252
348,C,18,0.122
349,I,0,0.0
350,S,2,0.014
351,Q,126,0.589
352,S,26,0.182
353,A,0,0.0
354,V,0,0.0
355,K,96,0.417
356,T,88,0.54
357,K,12,0.052
358,F,0,0.0
359,E,78,0.364
360,Q,150,0.701
361,H,26,0.12
362,T,1,0.006
363,V,72,0.436
364,R,89,0.336
365,A,0,0.0
366,K,56,0.243
367,Q,103,0.481
368,I,1,0.005
369,A,1,0.008
370,E,73,0.341
371,A,23,0.19
372,V,0,0.0
373,R,68,0.257
374,L,92,0.482
375,I,17,0.087
376,M,0,0.0
377,D,47,0.251
378,S,58,0.406
379,L,0,0.0
380,H,33,0.153
381,M,123,0.606
382,A,30,0.248
383,A,0,0.0
384,R,109,0.411
385,E,150,0.701
386,Q,18,0.084
387,Q,9,0.042
388,V,52,0.315
389,Y,134,0.525
390,C,8,0.054
391,E,57,0.266
392,E,123,0.575
393,M,34,0.167
394,R,67,0.253
395,E,118,0.551
396,E,111,0.519
397,R,57,0.215
398,Q,66,0.308
399,D,84,0.449
400,R,95,0.358
401,L,26,0.136
402,K,129,0.561
403,F,97,0.425
404,I,2,0.01
405,D,62,0.332
406,K,141,0.613
407,Q,68,0.318
408,L,37,0.194
409,E,125,0.584
410,L,91,0.476
411,L,24,0.126
412,A,34,0.281
413,Q,119,0.556
414,D,67,0.358
415,Y,8,0.031
416,K,166,0.722
417,L,106,0.555
418,R,90,0.34
419,I,15,0.077
420,K,126,0.548
421,Q,112,0.523
422,I,31,0.159
423,T,11,0.067
424,E,102,0.477
425,E,67,0.313
426,V,4,0.024
427,E,73,0.341
428,R,147,0.555
429,Q,53,0.248
430,V,0,0.0
431,S,28,0.196
432,T,71,0.436
433,A,9,0.074
434,M,3,0.015
435,A,32,0.264
436,E,84,0.393
437,E,6,0.028
438,I,4,0.021
439,R,199,0.751
440,R,137,0.517
441,L,0,0.0
442,S,51,0.357
443,V,83,0.503
444,L,17,0.089
445,V,0,0.0
446,D,95,0.508
447,D,109,0.583
448,Y,15,0.059
449,Q,177,0.827
450,M,80,0.394
451,D,154,0.824
452,F,19,0.083
453,H,113,0.523
454,P,48,0.312
455,S,39,0.273
456,P,107,0.695
457,V,110,0.667
458,V,54,0.327
459,L,13,0.068
460,K,148,0.643
461,V,74,0.448
462,Y,1,0.004
463,K,35,0.152
464,N,75,0.401
465,E,72,0.336
466,L,0,0.0
467,H,7,0.032
468,R,131,0.494
469,H,58,0.269
470,I,2,0.01
471,E,61,0.285
472,E,103,0.481
473,G,13,0.134
474,L,4,0.021
475,G,22,0.227
476,R,163,0.615
477,N,54,0.289
478,M,1,0.005
479,S,47,0.329
480,D,113,0.604
481,R,92,0.347
482,C,4,0.027
483,S,16,0.112
484,T,92,0.564
485,A,40,0.331
486,I,1,0.005
487,T,36,0.221
488,N,86,0.46
489,S,54,0.378
490,L,4,0.021
491,Q,111,0.519
492,T,82,0.503
493,M,6,0.03
494,Q,10,0.047
495,Q,56,0.262
496,D,61,0.326
497,M,0,0.0
498,I,0,0.0
499,D,79,0.422
500,G,22,0.227
501,L,1,0.005
502,K,61,0.265
503,P,60,0.39
504,L,1,0.005
505,L,1,0.005
506,P,47,0.305
507,V,114,0.691
508,S,89,0.622
509,V,33,0.2
510,R,71,0.268
511,S,87,0.608
512,Q,108,0.505
513,I,1,0.005
514,D,62,0.332
515,M,168,0.828
516,L,60,0.314
517,V,5,0.03
518,P,71,0.461
519,R,129,0.487
520,Q,142,0.664
521,C,131,0.885
522,F,37,0.162
523,S,95,0.664
524,L,18,0.094
525,N,78,0.417
526,Y,14,0.055
527,D,74,0.396
528,L,10,0.052
529,N,76,0.406
530,C,4,0.027
531,D,81,0.433
532,K,167,0.726
533,L,37,0.194
534,C,5,0.034
535,A,75,0.62
536,D,86,0.46
537,F,14,0.061
538,Q,176,0.822
539,E,53,0.248
540,D,70,0.374
541,I,18,0.092
542,E,139,0.65
543,F,32,0.14
544,H,75,0.347
545,F,15,0.066
546,S,42,0.294
547,L,70,0.366
548,G,11,0.113
549,W,211,0.799
550,T,95,0.583
551,M,83,0.409
552,L,59,0.309
553,V,47,0.285
554,N,78,0.417
555,R,213,0.804
556,F,172,0.754
557,L,96,0.503
558,G,26,0.268
559,P,103,0.669
560,K,187,0.813
561,N,105,0.561
562,S,10,0.07
563,R,207,0.781
564,R,210,0.792
565,A,83,0.686
566,L,153,0.801
567,M,143,0.704
568,G,74,0.763
569,Y,190,0.745
570,N,112,0.599
571,D,132,0.706
572,Q,165,0.771
573,V,127,0.77
574,Q,177,0.827
575,R,227,0.857
576,P,121,0.786
577,I,150,0.769
578,P,104,0.675
579,L,174,0.911
580,T,115,0.706
581,P,127,0.825
582,A,94,0.777
583,N,144,0.77
584,P,125,0.812
585,S,103,0.72
586,M,176,0.867
587,P,96,0.623
588,P,133,0.864
589,L,153,0.801
590,P,119,0.773
591,Q,192,0.897
592,G,74,0.763
593,S,118,0.825
594,L,173,0.906
595,T,122,0.748
596,Q,199,0.93
597,E,166,0.776
598,E,184,0.86
599,F,197,0.864
600,M,174,0.857
601,V,120,0.727
602,S,93,0.65
603,M,139,0.685
604,V,120,0.727
605,T,122,0.748
606,G,54,0.557
607,L,152,0.796
608,A,81,0.669
609,S,88,0.615
610,L,147,0.77
611,T,110,0.675
612,S,80,0.559
613,R,225,0.849
614,T,106,0.65
615,S,75,0.524
616,M,153,0.754
617,G,41,0.423
618,I,134,0.687
619,L,140,0.733
620,V,102,0.618
621,V,98,0.594
622,G,43,0.443
623,G,45,0.464
624,V,98,0.594
625,V,75,0.455
626,W,176,0.667
627,K,197,0.857
628,A,82,0.678
629,V,67,0.406
630,G,32,0.33
631,W,171,0.648
632,R,189,0.713
633,L,97,0.508
634,I,50,0.256
635,A,50,0.413
636,L,112,0.586
637,S,68,0.476
638,F,145,0.636
639,G,40,0.412
640,L,110,0.576
641,Y,94,0.369
642,G,32,0.33
643,L,126,0.66
644,L,66,0.346
645,Y,99,0.388
646,V,78,0.473
647,Y,153,0.6
648,E,38,0.178
649,R,131,0.494
650,L,130,0.681
651,T,62,0.38
652,W,75,0.284
653,T,73,0.448
654,T,70,0.429
655,K,144,0.626
656,A,21,0.174
657,K,52,0.226
658,E,35,0.164
659,R,175,0.66
660,A,20,0.165
661,F,0,0.0
662,K,14,0.061
663,R,203,0.766
664,Q,57,0.266
665,F,2,0.009
666,V,28,0.17
667,E,143,0.668
668,H,38,0.176
669,A,1,0.008
670,S,26,0.182
671,E,127,0.593
672,K,53,0.23
673,L,2,0.01
674,Q,111,0.519
675,L,126,0.66
676,V,29,0.176
677,I,29,0.149
678,S,80,0.559
679,Y,151,0.592
680,T,3,0.018
681,G,0,0.0
682,S,60,0.42
683,N,36,0.193
684,C,0,0.0
685,S,11,0.077
686,H,90,0.417
687,Q,36,0.168
688,V,1,0.006
689,Q,85,0.397
690,Q,122,0.57
691,E,41,0.192
692,L,0,0.0
693,S,52,0.364
694,G,42,0.433
695,T,8,0.049
696,F,37,0.162
697,A,58,0.479
698,H,67,0.31
699,L,3,0.016
700,C,19,0.128
701,Q,114,0.533
702,Q,47,0.22
703,V,1,0.006
704,D,73,0.39
705,V,69,0.418
706,T,18,0.11
707,R,87,0.328
708,E,113,0.528
709,N,80,0.428
710,L,15,0.079
711,E,93,0.435
712,Q,119,0.556
713,E,82,0.383
714,I,18,0.092
715,A,58,0.479
716,A,60,0.496
717,M,31,0.153
718,N,62,0.332
719,K,108,0.47
720,K,63,0.274
721,I,16,0.082
722,E,149,0.696
723,V,40,0.242
724,L,0,0.0
725,D,80,0.428
726,S,57,0.399
727,L,15,0.079
728,Q,13,0.061
729,S,70,0.49
730,K,109,0.474
731,A,0,0.0
732,K,106,0.461
733,L,94,0.492
734,L,5,0.026
735,R,64,0.242
736,N,89,0.476
737,K,71,0.309
738,A,1,0.008
739,G,36,0.371
740,W,128,0.485
741,L,3,0.016
742,D,48,0.257
743,S,60,0.42
744,E,34,0.159
745,L,1,0.005
746,N,65,0.348
747,M,105,0.517
748,F,0,0.0
749,T,30,0.184
750,H,135,0.625
751,Q,115,0.537
752,Y,29,0.114
753,L,12,0.063
754,Q,104,0.486
755,P,106,0.688
756,S,121,0.846
757,R,319,1.204
